pollsterName,sponsor,fteGrade,methodology,startDate,endDate,population,partisan,dem,rep,cycle,endMonth
Big Village,,B,Online,10/31/2022,11/02/2022,A,,43.1,36.8,2022,11
Big Village,,B,Online,10/31/2022,11/02/2022,LV,,51.5,44.9,2022,11
Ipsos,Reuters,B-,Online,10/31/2022,11/01/2022,A,,37.0,36.0,2022,11
YouGov,Economist,B+,Online,10/29/2022,11/01/2022,RV,,48.0,48.0,2022,11
YouGov,Economist,B+,Online,10/29/2022,11/01/2022,LV,,49.0,49.0,2022,11
Morning Consult,Politico,B,Online,10/28/2022,10/31/2022,RV,,47.0,42.0,2022,10
NewsNation,,Unrated,Online,10/28/2022,10/31/2022,RV,,43.44,44.67,2022,10
YouGov,Yahoo News,B+,Online,10/27/2022,10/31/2022,RV,,46.0,44.0,2022,10
SSRS,CNN,C,Live Phone/Online,10/26/2022,10/31/2022,RV,,46.0,47.0,2022,10
SSRS,CNN,C,Live Phone/Online,10/26/2022,10/31/2022,LV,,47.0,51.0,2022,10
Morning Consult,,B,Online,10/28/2022,10/30/2022,LV,,46.0,46.0,2022,10
Cygnal,,B+,,10/28/2022,10/30/2022,LV,,46.9,50.0,2022,10
Quinnipiac University,,A-,Live Phone,10/26/2022,10/30/2022,A,,44.0,46.0,2022,10
Quinnipiac University,,A-,Live Phone,10/26/2022,10/30/2022,RV,,44.0,48.0,2022,10
Morning Consult,,B,Online,10/27/2022,10/29/2022,LV,,46.0,47.0,2022,10
YouGov,CBS News,B+,Online,10/26/2022,10/28/2022,LV,,45.0,47.0,2022,10
Morning Consult,,B,Online,10/26/2022,10/28/2022,LV,,46.0,46.0,2022,10
Data for Progress,,B,Online,10/26/2022,10/27/2022,LV,,45.0,49.0,2022,10
Tufts University,,B/C,Online,10/25/2022,10/27/2022,LV,,48.0,47.0,2022,10
Trafalgar Group,,A-,IVR/Live Phone/Online/Text,10/25/2022,10/27/2022,LV,REP,42.4,48.2,2022,10
Morning Consult,,B,Online,10/25/2022,10/27/2022,LV,,47.0,46.0,2022,10
Marist College,NPR | PBS NewsHour,A,Live Phone/Online/Text,10/24/2022,10/27/2022,RV,,46.0,46.0,2022,10
Rasmussen Reports/Pulse Opinion Research,,B,IVR/Online,10/23/2022,10/27/2022,LV,,42.0,49.0,2022,10
Big Village,,B,Online,10/24/2022,10/26/2022,A,,41.8,38.1,2022,10
Big Village,,B,Online,10/24/2022,10/26/2022,LV,,50.3,46.0,2022,10
Echelon Insights,,B/C,Online,10/24/2022,10/26/2022,LV,,48.0,46.0,2022,10
Echelon Insights,,B/C,Online,10/24/2022,10/26/2022,RV,,48.0,45.0,2022,10
Morning Consult,,B,Online,10/24/2022,10/26/2022,LV,,47.0,46.0,2022,10
"Fabrizio, Lee & Associates/Impact Research",Wall Street Journal,Unrated,Live Phone,10/22/2022,10/26/2022,RV,,44.0,46.0,2022,10
InsiderAdvantage,Center for American Greatness,B,,10/25/2022,10/25/2022,LV,,43.5,48.2,2022,10
Ipsos,Reuters,B-,Online,10/24/2022,10/25/2022,A,,34.0,32.0,2022,10
Morning Consult,,B,Online,10/23/2022,10/25/2022,LV,,48.0,46.0,2022,10
YouGov,Economist,B+,Online,10/22/2022,10/25/2022,RV,,46.1,42.3,2022,10
YouGov,Economist,B+,Online,10/22/2022,10/25/2022,LV,,49.0,45.0,2022,10
Morning Consult,,B,Online,10/22/2022,10/24/2022,LV,,48.0,46.0,2022,10
Navigator Research,,B/C,Online,10/20/2022,10/24/2022,RV,,48.0,45.0,2022,10
Suffolk University,USA Today,B+,Live Phone,10/19/2022,10/24/2022,LV,,44.9,49.4,2022,10
Ipsos,Reuters,B-,Online,10/18/2022,10/24/2022,A,,37.0,34.0,2022,10
Morning Consult,,B,Online,10/21/2022,10/23/2022,LV,,48.0,45.0,2022,10
Morning Consult,Politico,B,Online,10/21/2022,10/23/2022,RV,,47.0,42.0,2022,10
GQR,Democracy Corps,B,Online,10/19/2022,10/23/2022,RV,DEM,49.0,49.0,2022,10
Ipsos,FiveThirtyEight,B-,Online,10/13/2022,10/23/2022,A,,32.0,30.0,2022,10
Ipsos,FiveThirtyEight,B-,Online,10/13/2022,10/23/2022,LV,,49.0,48.0,2022,10
Morning Consult,,B,Online,10/20/2022,10/22/2022,LV,,47.0,45.0,2022,10
Morning Consult,,B,Online,10/19/2022,10/21/2022,LV,,47.0,45.0,2022,10
Cygnal,,B+,Online,10/19/2022,10/21/2022,LV,,46.9,48.6,2022,10
Morning Consult,,B,Online,10/18/2022,10/20/2022,LV,,47.0,45.0,2022,10
Rasmussen Reports/Pulse Opinion Research,Miranda Devine's LAPTOP FROM HELL,B,IVR/Online,10/16/2022,10/20/2022,LV,,43.0,47.0,2022,10
Emerson College,,A-,IVR/Online,10/18/2022,10/19/2022,RV,,40.7,45.6,2022,10
YouGov,UMass Amherst,B+,Online,10/17/2022,10/19/2022,A,,43.0,40.0,2022,10
Morning Consult,,B,Online,10/17/2022,10/19/2022,LV,,48.0,45.0,2022,10
The Winston Group,Winning the Issues,A/B,,10/17/2022,10/19/2022,RV,REP,46.0,44.0,2022,10
Ipsos,Reuters,B-,Online,10/17/2022,10/18/2022,A,,36.0,35.0,2022,10
YouGov,Economist,B+,Online,10/16/2022,10/18/2022,RV,,45.0,44.0,2022,10
YouGov,Economist,B+,Online,10/16/2022,10/18/2022,LV,,46.0,47.0,2022,10
Morning Consult,,B,Online,10/16/2022,10/18/2022,LV,,48.0,45.0,2022,10
Hart Research Associates/Public Opinion Strategies,NBC News,B+,Live Phone,10/14/2022,10/18/2022,RV,,47.0,46.0,2022,10
Hart Research Associates/Public Opinion Strategies,NBC News,B+,Live Phone,10/14/2022,10/18/2022,LV,,47.0,48.0,2022,10
Data for Progress,,B,Online,10/06/2022,10/18/2022,LV,,45.0,48.0,2022,10
SurveyMonkey/Penn Program on Opinion Research and Election Studies,,C,Online,09/15/2022,10/18/2022,LV,,49.0,51.0,2022,10
Morning Consult,,B,Online,10/15/2022,10/17/2022,LV,,47.0,45.0,2022,10
YouGov,Yahoo News,B+,Online,10/13/2022,10/17/2022,A,,38.0,34.0,2022,10
YouGov,Yahoo News,B+,Online,10/13/2022,10/17/2022,RV,,46.0,44.0,2022,10
Monmouth University,,A,Live Phone,10/13/2022,10/17/2022,A,,45.0,49.0,2022,10
Monmouth University,,A,Live Phone,10/13/2022,10/17/2022,RV,,44.0,50.0,2022,10
McLaughlin & Associates,,C/D,Online,10/12/2022,10/17/2022,LV,,43.0,49.0,2022,10
Morning Consult,,B,Online,10/14/2022,10/16/2022,LV,,48.0,45.0,2022,10
Morning Consult,Politico,B,Online,10/14/2022,10/16/2022,RV,,45.0,44.0,2022,10
Hart Research Associates/Public Opinion Strategies,CNBC,B+,,10/13/2022,10/16/2022,RV,,46.0,48.0,2022,10
Pew Research Center,,B/C,Online,10/10/2022,10/16/2022,RV,,41.0,40.0,2022,10
Morning Consult,,B,Online,10/13/2022,10/15/2022,LV,,48.0,45.0,2022,10
YouGov,CBS News,B+,Online,10/12/2022,10/14/2022,LV,,45.0,47.0,2022,10
Morning Consult,,B,Online,10/12/2022,10/14/2022,LV,,48.0,45.0,2022,10
Harris Poll,Harvard CAPS,B+,Online,10/12/2022,10/13/2022,RV,,50.0,50.0,2022,10
Harris Poll,Harvard CAPS,B+,Online,10/12/2022,10/13/2022,LV,,47.0,53.0,2022,10
Morning Consult,,B,Online,10/11/2022,10/13/2022,LV,,48.0,45.0,2022,10
Rasmussen Reports/Pulse Opinion Research,Miranda Devine's LAPTOP FROM HELL,B,IVR/Online,10/09/2022,10/13/2022,LV,,41.0,48.0,2022,10
Trafalgar Group,,A-,IVR/Online/Text/Live Phone,10/10/2022,10/12/2022,LV,REP,42.9,48.2,2022,10
Morning Consult,,B,Online,10/10/2022,10/12/2022,LV,,48.0,45.0,2022,10
Beacon Research/Shaw & Company Research,FOX News,A,Live Phone,10/09/2022,10/12/2022,RV,,44.0,41.0,2022,10
Siena College/The New York Times Upshot,,A+,Live Phone,10/09/2022,10/12/2022,LV,,45.47,48.51,2022,10
Siena College/The New York Times Upshot,,A+,Live Phone,10/09/2022,10/12/2022,RV,,45.6,46.2,2022,10
Ipsos,Reuters,B-,Online,10/10/2022,10/11/2022,A,,36.0,32.0,2022,10
Morning Consult,,B,Online,10/09/2022,10/11/2022,LV,,48.0,45.0,2022,10
YouGov,Economist,B+,Online,10/08/2022,10/11/2022,RV,,46.3,43.7,2022,10
YouGov,Economist,B+,Online,10/08/2022,10/11/2022,LV,,48.0,46.0,2022,10
Public Opinion Strategies,,A-,,10/07/2022,10/11/2022,LV,,45.0,43.0,2022,10
Susquehanna Polling & Research,The Federalist,B+,Live Phone,10/04/2022,10/11/2022,LV,,48.0,48.0,2022,10
Morning Consult,,B,Online,10/08/2022,10/10/2022,LV,,48.0,46.0,2022,10
Pioneer Polling/Tarrance Group,Crypto Council for Innovation,Unrated,Online,10/08/2022,10/10/2022,LV,,46.0,47.0,2022,10
AP-NORC,,Unrated,Live Phone/Online,10/06/2022,10/10/2022,A,,41.0,34.0,2022,10
Navigator Research,,B/C,Online,10/06/2022,10/10/2022,RV,,49.0,44.0,2022,10
Morning Consult,,B,Online,10/07/2022,10/09/2022,LV,,48.0,45.0,2022,10
Morning Consult,Politico,B,Online,10/07/2022,10/09/2022,RV,,46.0,42.0,2022,10
Morning Consult,,B,Online,10/06/2022,10/08/2022,LV,,47.0,45.0,2022,10
Big Village,,B,Online,10/05/2022,10/07/2022,A,,42.5,37.8,2022,10
Big Village,,B,Online,10/05/2022,10/07/2022,LV,,50.5,45.1,2022,10
Morning Consult,,B,Online,10/05/2022,10/07/2022,LV,,48.0,45.0,2022,10
TIPP Insights,Issues & Insights,A+,Online,10/05/2022,10/07/2022,RV,,43.0,42.0,2022,10
Morning Consult,,B,Online,10/04/2022,10/06/2022,LV,,48.0,45.0,2022,10
Rasmussen Reports/Pulse Opinion Research,Miranda Devine's LAPTOP FROM HELL,B,IVR/Online,10/02/2022,10/06/2022,LV,,43.0,47.0,2022,10
John Zogby Strategies,,B/C,Online,10/05/2022,10/05/2022,LV,,44.8,42.7,2022,10
Morning Consult,,B,Online,10/03/2022,10/05/2022,LV,,48.0,45.0,2022,10
SSRS,CNN,C,Live Phone/Online,09/03/2022,10/05/2022,RV,,46.0,43.0,2022,10
SSRS,CNN,C,Live Phone/Online,09/03/2022,10/05/2022,LV,,50.0,47.0,2022,10
Ipsos,Reuters,B-,Online,10/03/2022,10/04/2022,A,,33.0,32.0,2022,10
Morning Consult,,B,Online,10/02/2022,10/04/2022,LV,,49.0,44.0,2022,10
YouGov,Economist,B+,Online,10/01/2022,10/04/2022,RV,,44.7,44.0,2022,10
YouGov,Economist,B+,Online,10/01/2022,10/04/2022,LV,,47.0,46.0,2022,10
InsiderAdvantage,Center for American Greatness,B,,10/03/2022,10/03/2022,LV,,44.4,46.5,2022,10
Morning Consult,,B,Online,10/01/2022,10/03/2022,LV,,49.0,44.0,2022,10
Ipsos,Reuters,B-,Online,09/29/2022,10/03/2022,A,,37.0,34.0,2022,10
Data for Progress,,B,Online,09/16/2022,10/03/2022,LV,,45.0,47.0,2022,10
Morning Consult,,B,Online,09/30/2022,10/02/2022,LV,,49.0,44.0,2022,10
Morning Consult,Politico,B,Online,09/30/2022,10/02/2022,RV,,46.0,43.0,2022,10
Morning Consult,,B,Online,09/29/2022,10/01/2022,LV,,48.0,44.0,2022,10
Morning Consult,,B,Online,09/28/2022,09/30/2022,LV,,49.0,44.0,2022,9
Morning Consult,,B,Online,09/27/2022,09/29/2022,LV,,49.0,44.0,2022,9
Marist College,NPR,A,Live Phone/Online/Text,09/27/2022,09/29/2022,RV,,46.0,44.0,2022,9
NewsNation,,Unrated,Online,09/26/2022,09/29/2022,RV,,44.8,43.79,2022,9
Rasmussen Reports/Pulse Opinion Research,Miranda Devine's LAPTOP FROM HELL,B,IVR/Online,09/25/2022,09/29/2022,LV,,44.0,45.0,2022,9
Morning Consult,,B,Online,09/27/2022,09/28/2022,RV,,45.0,42.0,2022,9
Morning Consult,,B,Online,09/26/2022,09/28/2022,LV,,49.0,44.0,2022,9
Ipsos,Reuters,B-,Online,09/26/2022,09/27/2022,A,,37.0,32.0,2022,9
Trafalgar Group,,A-,IVR/Online/Text/Live Phone,09/25/2022,09/27/2022,LV,REP,45.6,51.3,2022,9
Morning Consult,,B,Online,09/25/2022,09/27/2022,LV,,48.0,44.0,2022,9
YouGov,Economist,B+,Online,09/24/2022,09/27/2022,RV,,43.7,44.1,2022,9
YouGov,Economist,B+,Online,09/24/2022,09/27/2022,LV,,46.0,47.0,2022,9
YouGov,Yahoo News,B+,Online,09/23/2022,09/27/2022,A,,38.0,33.0,2022,9
YouGov,Yahoo News,B+,Online,09/23/2022,09/27/2022,RV,,45.0,41.0,2022,9
Susquehanna Polling & Research,,B+,Live Phone,09/21/2022,09/27/2022,LV,,43.0,44.0,2022,9
Morning Consult,,B,Online,09/24/2022,09/26/2022,LV,,48.0,44.0,2022,9
Navigator Research,,B/C,Online,09/22/2022,09/26/2022,RV,,49.0,43.0,2022,9
Kaiser Family Foundation,,Unrated,Live Phone/Online,09/15/2022,09/26/2022,RV,,47.0,43.0,2022,9
Morning Consult,,B,Online,09/24/2022,09/25/2022,RV,,46.0,41.0,2022,9
Morning Consult,,B,Online,09/23/2022,09/25/2022,LV,,48.0,44.0,2022,9
Morning Consult,Politico,B,Online,09/23/2022,09/25/2022,RV,,45.0,43.0,2022,9
Monmouth University,,A,Live Phone,09/21/2022,09/25/2022,A,,44.0,47.0,2022,9
Monmouth University,,A,Live Phone,09/21/2022,09/25/2022,RV,,45.0,47.0,2022,9
Selzer & Co.,Grinnell College,A+,Live Phone,09/20/2022,09/25/2022,LV,,46.0,42.0,2022,9
Morning Consult,,B,Online,09/23/2022,09/24/2022,RV,,47.0,41.0,2022,9
Morning Consult,,B,Online,09/22/2022,09/24/2022,LV,,48.0,44.0,2022,9
Big Village,,B,Online,09/21/2022,09/23/2022,A,,39.3,37.8,2022,9
Big Village,,B,Online,09/21/2022,09/23/2022,RV,,45.6,41.3,2022,9
YouGov,CBS News,B+,Online,09/21/2022,09/23/2022,LV,,45.0,46.0,2022,9
Morning Consult,,B,Online,09/21/2022,09/23/2022,LV,,48.0,44.0,2022,9
Morning Consult,,B,Online,09/20/2022,09/22/2022,LV,,47.0,44.0,2022,9
Rasmussen Reports/Pulse Opinion Research,Miranda Devine's LAPTOP FROM HELL,B,IVR/Online,09/18/2022,09/22/2022,LV,,42.0,44.0,2022,9
McLaughlin & Associates,,C/D,,09/17/2022,09/22/2022,LV,,44.0,48.0,2022,9
Emerson College,,A-,IVR/Online,09/20/2022,09/21/2022,LV,,45.2,44.8,2022,9
Morning Consult,,B,Online,09/19/2022,09/21/2022,LV,,47.0,45.0,2022,9
ABC News/The Washington Post,,A+,Live Phone,09/18/2022,09/21/2022,RV,,46.0,47.0,2022,9
ABC News/The Washington Post,,A+,Live Phone,09/18/2022,09/21/2022,LV,,46.0,51.0,2022,9
Ipsos,Reuters,B-,Online,09/19/2022,09/20/2022,A,,34.0,33.0,2022,9
Morning Consult,,B,Online,09/18/2022,09/20/2022,LV,,48.0,45.0,2022,9
YouGov,Economist,B+,Online,09/17/2022,09/20/2022,RV,,45.5,40.5,2022,9
Morning Consult,,B,Online,09/17/2022,09/19/2022,LV,,48.0,44.0,2022,9
Echelon Insights,,B/C,Online,09/16/2022,09/19/2022,LV,,49.0,44.0,2022,9
Echelon Insights,,B/C,Online,09/16/2022,09/19/2022,RV,,49.0,42.0,2022,9
Premise,,Unrated,Online,09/16/2022,09/19/2022,A,,46.0,34.0,2022,9
Ipsos,FiveThirtyEight,B-,Online,09/06/2022,09/19/2022,A,,32.0,29.0,2022,9
Ipsos,FiveThirtyEight,B-,Online,09/06/2022,09/19/2022,LV,,41.0,41.0,2022,9
Morning Consult,,B,Online,09/16/2022,09/18/2022,LV,,48.0,44.0,2022,9
Morning Consult,Politico,B,Online,09/16/2022,09/18/2022,RV,,46.0,41.0,2022,9
Morning Consult,,B,Online,09/15/2022,09/17/2022,LV,,48.0,45.0,2022,9
Morning Consult,,B,Online,09/14/2022,09/16/2022,LV,,48.0,45.0,2022,9
Cygnal,,B+,Online,09/14/2022,09/16/2022,LV,,47.1,46.9,2022,9
Morning Consult,,B,Online,09/13/2022,09/15/2022,LV,,48.0,45.0,2022,9
OnMessage,Senate Opportunity Fund,B/C,Online,09/12/2022,09/15/2022,LV,REP,43.0,46.0,2022,9
Rasmussen Reports/Pulse Opinion Research,Miranda Devine's LAPTOP FROM HELL,B,IVR/Online,09/11/2022,09/15/2022,LV,,42.0,43.0,2022,9
GQR,Democracy Corps,B,Online,09/09/2022,09/15/2022,RV,DEM,50.0,47.0,2022,9
Data for Progress,,B,Online,08/29/2022,09/15/2022,LV,,45.0,47.0,2022,9
Morning Consult,,B,Online,09/12/2022,09/14/2022,LV,,48.0,45.0,2022,9
Marquette University Law School,,A/B,Online,09/07/2022,09/14/2022,A,,45.0,39.0,2022,9
Marquette University Law School,,A/B,Online,09/07/2022,09/14/2022,RV,,47.0,41.0,2022,9
Siena College/The New York Times Upshot,,A+,Live Phone,09/06/2022,09/14/2022,RV,,46.0,44.0,2022,9
Siena College/The New York Times Upshot,,A+,Live Phone,09/06/2022,09/14/2022,LV,,47.0,46.0,2022,9
Ipsos,Reuters,B-,Online,09/12/2022,09/13/2022,A,,37.0,33.0,2022,9
Morning Consult,,B,Online,09/11/2022,09/13/2022,LV,,48.0,45.0,2022,9
YouGov,Economist,B+,Online,09/10/2022,09/13/2022,RV,,43.2,39.3,2022,9
Hart Research Associates/Public Opinion Strategies,NBC News,B+,Live Phone,09/09/2022,09/13/2022,RV,,46.0,46.0,2022,9
Morning Consult,,B,Online,09/10/2022,09/12/2022,LV,,48.0,45.0,2022,9
Beacon Research/Shaw & Company Research,FOX News,A,Live Phone,09/09/2022,09/12/2022,RV,,44.0,41.0,2022,9
Ipsos,Reuters,B-,Online,09/07/2022,09/12/2022,A,,37.0,34.0,2022,9
Morning Consult,,B,Online,09/09/2022,09/11/2022,LV,,48.0,44.0,2022,9
Morning Consult,Politico,B,Online,09/09/2022,09/11/2022,RV,,47.0,42.0,2022,9
The Winston Group,Winning the Issues,A/B,,09/09/2022,09/11/2022,RV,REP,45.0,45.0,2022,9
Navigator Research,,B/C,Online,09/08/2022,09/11/2022,RV,,48.0,42.0,2022,9
Public Religion Research Institute,Brookings Institute | Carnegie Corporation of New York | Ford Foundation | Stand Together Trust | Unitarian Univarsalist Veatch Program at Shelter Rock,A/B,Online,09/01/2022,09/11/2022,A,,37.0,34.0,2022,9
Public Religion Research Institute,Brookings Institute | Carnegie Corporation of New York | Ford Foundation | Stand Together Trust | Unitarian Univarsalist Veatch Program at Shelter Rock,A/B,Online,09/01/2022,09/11/2022,RV,,37.0,36.0,2022,9
Morning Consult,,B,Online,09/08/2022,09/10/2022,LV,,48.0,44.0,2022,9
Big Village,,B,Online,09/07/2022,09/09/2022,A,,41.0,36.8,2022,9
Big Village,,B,Online,09/07/2022,09/09/2022,RV,,45.9,40.6,2022,9
Trafalgar Group,,A-,IVR/Online/Text/Live Phone,09/07/2022,09/09/2022,LV,REP,42.2,47.9,2022,9
Morning Consult,,B,Online,09/07/2022,09/09/2022,LV,,48.0,44.0,2022,9
TIPP Insights,Issues & Insights,A+,Online,09/07/2022,09/09/2022,RV,,48.0,46.0,2022,9
Harris Poll,Harvard CAPS,B+,Online,09/07/2022,09/08/2022,RV,,51.0,49.0,2022,9
Morning Consult,,B,Online,09/06/2022,09/08/2022,LV,,48.0,45.0,2022,9
Cor Services,Foundation for Government Accountability,Unrated,IVR,09/06/2022,09/08/2022,LV,,44.0,45.0,2022,9
Rasmussen Reports/Pulse Opinion Research,Miranda Devine's LAPTOP FROM HELL,B,IVR/Online,09/04/2022,09/08/2022,LV,,42.0,46.0,2022,9
Ipsos,Reuters,B-,Online,09/06/2022,09/07/2022,A,,36.0,34.0,2022,9
Morning Consult,,B,Online,09/05/2022,09/07/2022,LV,,48.0,45.0,2022,9
Echelon Insights,NetChoice,B/C,Online,08/31/2022,09/07/2022,LV,,46.0,46.0,2022,9
Morning Consult,,B,Online,09/04/2022,09/06/2022,LV,,47.0,44.0,2022,9
YouGov,Economist,B+,Online,09/03/2022,09/06/2022,RV,,44.2,37.5,2022,9
YouGov,Yahoo News,B+,Online,09/02/2022,09/06/2022,RV,,45.0,40.0,2022,9
YouGov,Yahoo News,B+,Online,09/02/2022,09/06/2022,A,,39.0,34.0,2022,9
Morning Consult,,B,Online,09/03/2022,09/05/2022,LV,,47.0,45.0,2022,9
Morning Consult,,B,Online,09/02/2022,09/04/2022,LV,,47.0,45.0,2022,9
OnMessage,Senate Opportunity Fund,B/C,Online,09/01/2022,09/03/2022,LV,REP,44.0,46.0,2022,9
Morning Consult,,B,Online,09/01/2022,09/03/2022,LV,,48.0,45.0,2022,9
Morning Consult,,B,Online,08/31/2022,09/02/2022,LV,,47.0,45.0,2022,9
InsiderAdvantage,Center for American Greatness,B,,09/01/2022,09/01/2022,LV,,44.7,43.5,2022,9
Morning Consult,,B,Online,08/30/2022,09/01/2022,LV,,48.0,45.0,2022,9
Marist College,NPR | PBS NewsHour,A,Live Phone,08/29/2022,09/01/2022,RV,,48.0,44.0,2022,9
Rasmussen Reports/Pulse Opinion Research,Miranda Devine's LAPTOP FROM HELL,B,IVR/Online,08/28/2022,09/01/2022,LV,,42.0,47.0,2022,9
Morning Consult,,B,Online,08/29/2022,08/31/2022,LV,,47.0,45.0,2022,8
Navigator Research,,B/C,Online,08/26/2022,08/31/2022,RV,,48.0,43.0,2022,8
YouGov,Economist,B+,Online,08/28/2022,08/30/2022,RV,,46.4,37.7,2022,8
Trafalgar Group,,A-,IVR/Online/Text/Live Phone,08/28/2022,08/30/2022,LV,REP,41.4,47.2,2022,8
Morning Consult,,B,Online,08/28/2022,08/30/2022,LV,,48.0,45.0,2022,8
Morning Consult,,B,Online,08/27/2022,08/29/2022,LV,,48.0,44.0,2022,8
Quinnipiac University,,A-,Live Phone,08/25/2022,08/29/2022,A,,46.0,42.0,2022,8
Quinnipiac University,,A-,Live Phone,08/25/2022,08/29/2022,RV,,47.0,43.0,2022,8
SurveyMonkey,The 19th,C,Online,08/22/2022,08/29/2022,A,,39.0,38.0,2022,8
Morning Consult,Politico,B,Online,08/26/2022,08/28/2022,RV,,47.0,42.0,2022,8
Morning Consult,,B,Online,08/26/2022,08/28/2022,LV,,48.0,44.0,2022,8
Data for Progress,,B,Online,08/12/2022,08/28/2022,LV,,45.0,46.0,2022,8
Morning Consult,,B,Online,08/25/2022,08/27/2022,LV,,48.0,45.0,2022,8
Big Village,,B,Online,08/24/2022,08/26/2022,A,,43.6,35.7,2022,8
Big Village,,B,Online,08/24/2022,08/26/2022,RV,,48.3,40.8,2022,8
YouGov,CBS News,B+,Online,08/24/2022,08/26/2022,LV,,45.0,47.0,2022,8
Morning Consult,,B,Online,08/24/2022,08/26/2022,LV,,48.0,44.0,2022,8
Morning Consult,,B,Online,08/23/2022,08/25/2022,LV,,48.0,44.0,2022,8
WPA Intelligence,,B/C,Online,08/22/2022,08/25/2022,RV,,44.0,42.0,2022,8
WPA Intelligence,,B/C,Online,08/22/2022,08/25/2022,LV,,47.0,44.0,2022,8
Rasmussen Reports/Pulse Opinion Research,Miranda Devine's LAPTOP FROM HELL,B,IVR/Online,08/21/2022,08/25/2022,LV,,42.0,47.0,2022,8
"Fabrizio, Lee & Associates/Impact Research",Wall Street Journal,Unrated,Live Phone/Online,08/17/2022,08/25/2022,RV,,47.0,44.0,2022,8
Emerson College,,A-,IVR/Online,08/23/2022,08/24/2022,RV,,43.6,44.6,2022,8
Morning Consult,,B,Online,08/22/2022,08/24/2022,LV,,47.0,45.0,2022,8
McLaughlin & Associates,,C/D,Online,08/20/2022,08/24/2022,LV,,45.0,45.0,2022,8
NewsNation,,Unrated,Online,08/22/2022,08/23/2022,RV,,42.18,44.98,2022,8
Morning Consult,,B,Online,08/21/2022,08/23/2022,LV,,47.0,45.0,2022,8
YouGov,Economist,B+,Online,08/20/2022,08/23/2022,RV,,43.7,38.5,2022,8
Morning Consult,,B,Online,08/20/2022,08/22/2022,LV,,48.0,45.0,2022,8
Echelon Insights,,B/C,Online,08/19/2022,08/22/2022,RV,,50.0,42.0,2022,8
Echelon Insights,,B/C,Online,08/19/2022,08/22/2022,LV,,48.0,44.0,2022,8
YouGov,Yahoo News,B+,Online,08/18/2022,08/22/2022,A,,38.0,33.0,2022,8
YouGov,Yahoo News,B+,Online,08/18/2022,08/22/2022,RV,,45.0,39.0,2022,8
Politico/Harvard T.H. Chan School of Public Health,,C,Live Phone/Online,08/05/2022,08/22/2022,RV,,47.0,44.0,2022,8
Morning Consult,Politico,B,Online,08/19/2022,08/21/2022,RV,,47.0,42.0,2022,8
Cygnal,,B+,Online,08/19/2022,08/21/2022,LV,,47.2,46.5,2022,8
Morning Consult,,B,Online,08/19/2022,08/21/2022,LV,,48.0,45.0,2022,8
Ipsos,Survey Center on American Life,B-,Online,08/12/2022,08/21/2022,A,,34.0,31.0,2022,8
YouGov,FiveThirtyEight | PerryUndem,B+,Online,08/10/2022,08/21/2022,LV,,49.0,45.0,2022,8
Morning Consult,,B,Online,08/18/2022,08/20/2022,LV,,48.0,45.0,2022,8
Morning Consult,,B,Online,08/17/2022,08/19/2022,LV,,47.0,45.0,2022,8
Morning Consult,,B,Online,08/16/2022,08/18/2022,LV,,48.0,44.0,2022,8
J.L. Partners,Atlantic Future Forum,B/C,Online,08/16/2022,08/18/2022,A,,45.0,41.0,2022,8
Rasmussen Reports/Pulse Opinion Research,Miranda Devine's LAPTOP FROM HELL,B,IVR/Online,08/14/2022,08/18/2022,LV,,41.0,46.0,2022,8
Morning Consult,,B,Online,08/15/2022,08/17/2022,LV,,47.0,45.0,2022,8
Impact Research,Progressive Policy Institute,B/C,Live Phone/Online,08/10/2022,08/17/2022,LV,,40.0,44.0,2022,8
Trafalgar Group,,A-,IVR/Online/Text/Live Phone,08/14/2022,08/16/2022,LV,REP,41.6,46.9,2022,8
Morning Consult,,B,Online,08/14/2022,08/16/2022,LV,,48.0,44.0,2022,8
YouGov,Economist,B+,Online,08/13/2022,08/16/2022,RV,,45.1,38.7,2022,8
Hart Research Associates/Public Opinion Strategies,NBC News,B+,Live Phone,08/12/2022,08/16/2022,RV,,45.0,47.0,2022,8
Morning Consult,,B,Online,08/13/2022,08/15/2022,LV,,47.0,44.0,2022,8
Morning Consult,Politico,B,Online,08/12/2022,08/14/2022,RV,,46.0,42.0,2022,8
Morning Consult,,B,Online,08/12/2022,08/14/2022,LV,,48.0,45.0,2022,8
OnMessage,Senate Opportunity Fund,B/C,Online,08/11/2022,08/14/2022,LV,REP,43.0,47.0,2022,8
Pew Research Center,,B/C,Online,08/01/2022,08/14/2022,RV,,44.0,42.0,2022,8
Morning Consult,,B,Online,08/11/2022,08/13/2022,LV,,48.0,45.0,2022,8
Big Village,,B,Online,08/10/2022,08/12/2022,A,,40.9,37.2,2022,8
Big Village,,B,Online,08/10/2022,08/12/2022,RV,,46.2,41.8,2022,8
Morning Consult,,B,Online,08/10/2022,08/12/2022,LV,,47.0,45.0,2022,8
Morning Consult,,B,Online,08/09/2022,08/11/2022,LV,,47.0,45.0,2022,8
Rasmussen Reports/Pulse Opinion Research,Miranda Devine's LAPTOP FROM HELL,B,IVR/Online,08/07/2022,08/11/2022,LV,,43.0,46.0,2022,8
Morning Consult,,B,Online,08/08/2022,08/10/2022,RV,,45.0,43.0,2022,8
YouGov,Economist,B+,Online,08/07/2022,08/09/2022,RV,,44.3,38.4,2022,8
Morning Consult,,B,Online,08/07/2022,08/09/2022,RV,,45.0,42.0,2022,8
Beacon Research/Shaw & Company Research,FOX News,A,Live Phone,08/06/2022,08/09/2022,RV,,41.0,41.0,2022,8
Morning Consult,,B,Online,08/06/2022,08/08/2022,RV,,46.0,42.0,2022,8
The Bullfinch Group,,Unrated,Online,08/05/2022,08/08/2022,A,,44.0,42.0,2022,8
The Bullfinch Group,,Unrated,Online,08/05/2022,08/08/2022,RV,,45.0,44.0,2022,8
Morning Consult,Politico,B,Online,08/05/2022,08/07/2022,RV,,44.0,43.0,2022,8
LÃ©ger,The Canadian Press,B/C,Online,08/05/2022,08/07/2022,A,,35.0,31.0,2022,8
Morning Consult,,B,Online,08/05/2022,08/07/2022,RV,,45.0,42.0,2022,8
Zogby Analytics,,B-,Online,08/04/2022,08/06/2022,LV,,44.8,44.3,2022,8
Morning Consult,,B,Online,08/04/2022,08/06/2022,RV,,46.0,42.0,2022,8
Morning Consult,,B,Online,08/03/2022,08/05/2022,RV,,45.0,42.0,2022,8
TIPP Insights,Issues & Insights,A+,Online,08/02/2022,08/04/2022,RV,,46.0,46.0,2022,8
Morning Consult,,B,Online,08/02/2022,08/04/2022,RV,,45.0,42.0,2022,8
Rasmussen Reports/Pulse Opinion Research,Miranda Devine's LAPTOP FROM HELL,B,IVR/Online,07/31/2022,08/04/2022,LV,,43.0,46.0,2022,8
Morning Consult,,B,Online,08/01/2022,08/03/2022,RV,,45.0,43.0,2022,8
Ipsos,Reuters,B-,Online,08/01/2022,08/02/2022,A,,35.0,33.0,2022,8
Data for Progress,Climate Power 2020,B,Online,08/01/2022,08/02/2022,LV,DEM,44.0,48.0,2022,8
Morning Consult,,B,Online,07/31/2022,08/02/2022,RV,,45.0,43.0,2022,8
YouGov,Economist,B+,Online,07/30/2022,08/02/2022,RV,,44.0,38.7,2022,8
InsiderAdvantage,Center for American Greatness,B,,07/31/2022,08/01/2022,LV,,44.0,45.0,2022,8
Morning Consult,,B,Online,07/30/2022,08/01/2022,RV,,45.0,42.0,2022,8
YouGov,Yahoo News,B+,Online,07/28/2022,08/01/2022,A,,39.0,32.0,2022,8
YouGov,Yahoo News,B+,Online,07/28/2022,08/01/2022,RV,,45.0,39.0,2022,8
Monmouth University,,A,Live Phone,07/28/2022,08/01/2022,A,,50.0,43.0,2022,8
Monmouth University,,A,Live Phone,07/28/2022,08/01/2022,RV,,49.0,46.0,2022,8
Ipsos,FiveThirtyEight,B-,Online,07/21/2022,08/01/2022,A,,30.0,30.0,2022,8
Ipsos,FiveThirtyEight,B-,Online,07/21/2022,08/01/2022,LV,,38.0,40.0,2022,8
Morning Consult,Politico,B,Online,07/29/2022,07/31/2022,RV,,45.0,43.0,2022,7
Morning Consult,,B,Online,07/29/2022,07/31/2022,RV,,45.0,42.0,2022,7
Morning Consult,,B,Online,07/28/2022,07/30/2022,RV,,46.0,42.0,2022,7
YouGov,CBS News,B+,Online,07/27/2022,07/29/2022,LV,,43.0,45.0,2022,7
Big Village,,B,Online,07/27/2022,07/29/2022,A,,41.7,37.5,2022,7
Big Village,,B,Online,07/27/2022,07/29/2022,RV,,45.9,42.3,2022,7
Morning Consult,,B,Online,07/27/2022,07/29/2022,RV,,46.0,42.0,2022,7
Harris Poll,Harvard CAPS,B+,Online,07/27/2022,07/28/2022,RV,,50.0,50.0,2022,7
OnMessage,Senate Opportunity Fund,B/C,Online,07/26/2022,07/28/2022,LV,REP,44.0,45.0,2022,7
Morning Consult,,B,Online,07/26/2022,07/28/2022,RV,,46.0,41.0,2022,7
Rasmussen Reports/Pulse Opinion Research,Miranda Devine's LAPTOP FROM HELL,B,IVR/Online,07/24/2022,07/28/2022,LV,,41.0,46.0,2022,7
Morning Consult,,B,Online,07/25/2022,07/27/2022,RV,,45.0,42.0,2022,7
Morning Consult,,B,Online,07/24/2022,07/26/2022,RV,,45.0,42.0,2022,7
YouGov,Economist,B+,Online,07/23/2022,07/26/2022,RV,,43.6,38.3,2022,7
Morning Consult,,B,Online,07/23/2022,07/25/2022,RV,,45.0,42.0,2022,7
Suffolk University,USA Today,B+,Live Phone,07/22/2022,07/25/2022,RV,,44.3,40.1,2022,7
Data for Progress,,B,Online,07/13/2022,07/25/2022,LV,,45.0,48.0,2022,7
The Winston Group,Winning the Issues,A/B,Online,07/23/2022,07/24/2022,RV,REP,47.0,41.0,2022,7
Morning Consult,Politico,B,Online,07/22/2022,07/24/2022,RV,,45.0,41.0,2022,7
NewsNation,,Unrated,Online,07/22/2022,07/24/2022,RV,,43.73,42.52,2022,7
Morning Consult,,B,Online,07/22/2022,07/24/2022,RV,,45.0,42.0,2022,7
McLaughlin & Associates,Center for Security Policy,C/D,Online,07/21/2022,07/24/2022,LV,REP,43.0,48.2,2022,7
Morning Consult,,B,Online,07/21/2022,07/23/2022,RV,,44.0,42.0,2022,7
Trafalgar Group,,A-,IVR/Online/Text/Live Phone,07/20/2022,07/22/2022,LV,REP,40.2,48.3,2022,7
Morning Consult,,B,Online,07/20/2022,07/22/2022,RV,,45.0,42.0,2022,7
Morning Consult,,B,Online,07/19/2022,07/21/2022,RV,,45.0,42.0,2022,7
Rasmussen Reports/Pulse Opinion Research,Miranda Devine's LAPTOP FROM HELL,B,IVR/Online,07/17/2022,07/21/2022,LV,,39.0,49.0,2022,7
Emerson College,,A-,IVR/Online,07/19/2022,07/20/2022,RV,,43.7,44.7,2022,7
Cygnal,,B+,Online,07/18/2022,07/20/2022,LV,,46.7,47.3,2022,7
Morning Consult,,B,Online,07/18/2022,07/20/2022,RV,,45.0,42.0,2022,7
Lake Research Partners/The Tarrance Group,Georgetown University Institute of Politics and Public Service,A/B,Live Phone,07/16/2022,07/20/2022,RV,,48.0,46.0,2022,7
Morning Consult,,B,Online,07/17/2022,07/19/2022,RV,,45.0,42.0,2022,7
YouGov,Economist,B+,Online,07/16/2022,07/19/2022,RV,,42.6,40.1,2022,7
Morning Consult,,B,Online,07/16/2022,07/18/2022,RV,,45.0,42.0,2022,7
Echelon Insights,,B/C,Online,07/15/2022,07/18/2022,LV,,48.0,44.0,2022,7
Echelon Insights,,B/C,Online,07/15/2022,07/18/2022,RV,,49.0,42.0,2022,7
Quinnipiac University,,A-,Live Phone,07/14/2022,07/18/2022,A,,43.0,44.0,2022,7
Quinnipiac University,,A-,Live Phone,07/14/2022,07/18/2022,RV,,45.0,44.0,2022,7
Morning Consult,Politico,B,Online,07/15/2022,07/17/2022,RV,,45.0,41.0,2022,7
Morning Consult,,B,Online,07/15/2022,07/17/2022,RV,,45.0,42.0,2022,7
Morning Consult,,B,Online,07/14/2022,07/16/2022,RV,,45.0,42.0,2022,7
GQR,Democracy Corps,B,Online,07/08/2022,07/16/2022,RV,DEM,50.0,48.0,2022,7
Big Village,,B,Online,07/13/2022,07/15/2022,A,,39.3,38.0,2022,7
Big Village,,B,Online,07/13/2022,07/15/2022,RV,,44.5,40.7,2022,7
Morning Consult,,B,Online,07/13/2022,07/15/2022,RV,,45.0,42.0,2022,7
Morning Consult,,B,Online,07/12/2022,07/14/2022,RV,,45.0,42.0,2022,7
Rasmussen Reports/Pulse Opinion Research,Miranda Devine's LAPTOP FROM HELL,B,IVR/Online,07/10/2022,07/14/2022,LV,,39.0,47.0,2022,7
Morning Consult,,B,Online,07/11/2022,07/13/2022,RV,,45.0,42.0,2022,7
Beacon Research/Shaw & Company Research,FOX News,A,Live Phone,07/10/2022,07/13/2022,RV,,41.0,44.0,2022,7
SSRS,CNN,C,Live Phone/Online,06/13/2022,07/13/2022,RV,,46.0,46.0,2022,7
Morning Consult,,B,Online,07/10/2022,07/12/2022,RV,,45.0,42.0,2022,7
YouGov,Economist,B+,Online,07/09/2022,07/11/2022,RV,,43.0,39.6,2022,7
Morning Consult,,B,Online,07/09/2022,07/11/2022,RV,,45.0,42.0,2022,7
YouGov,Yahoo News,B+,Online,07/08/2022,07/11/2022,A,,37.0,32.0,2022,7
YouGov,Yahoo News,B+,Online,07/08/2022,07/11/2022,RV,,43.0,39.0,2022,7
Morning Consult,Politico,B,Online,07/08/2022,07/10/2022,RV,,46.0,42.0,2022,7
Morning Consult,,B,Online,07/08/2022,07/10/2022,RV,,45.0,42.0,2022,7
Hart Research Associates/Public Opinion Strategies,CNBC,B+,Live Phone,07/07/2022,07/10/2022,RV,,42.0,44.0,2022,7
Axis Research,U.S. Chamber of Commerce,Unrated,,07/05/2022,07/10/2022,LV,REP,46.0,41.0,2022,7
Morning Consult,,B,Online,07/07/2022,07/09/2022,RV,,45.0,42.0,2022,7
Morning Consult,,B,Online,07/06/2022,07/08/2022,RV,,45.0,42.0,2022,7
Rasmussen Reports/Pulse Opinion Research,Miranda Devine's LAPTOP FROM HELL,B,IVR/Online,07/05/2022,07/07/2022,LV,,40.0,48.0,2022,7
Siena College/The New York Times Upshot,,A+,Live Phone,07/05/2022,07/07/2022,RV,,41.0,40.0,2022,7
Siena College/The New York Times Upshot,,A+,Live Phone,07/05/2022,07/07/2022,LV,,43.0,44.0,2022,7
OnMessage,Senate Opportunity Fund,B/C,Online,07/05/2022,07/07/2022,LV,REP,42.0,47.0,2022,7
Morning Consult,,B,Online,07/05/2022,07/07/2022,RV,,45.0,42.0,2022,7
Ipsos,Reuters,B-,Online,07/05/2022,07/06/2022,A,,34.0,35.0,2022,7
InsiderAdvantage,Center for American Greatness,B,,07/05/2022,07/06/2022,LV,,42.0,50.0,2022,7
Morning Consult,,B,Online,07/04/2022,07/06/2022,RV,,45.0,42.0,2022,7
PureSpectrum,Northeastern University | Rutgers University | Northwestern University Department of Political Science | Harvard Medical School,Unrated,Online,06/08/2022,07/06/2022,A,,52.0,48.0,2022,7
Morning Consult,,B,Online,07/03/2022,07/05/2022,RV,,45.0,42.0,2022,7
YouGov,Economist,B+,Online,07/02/2022,07/05/2022,RV,,42.5,40.4,2022,7
Data for Progress,,B,Online,07/01/2022,07/05/2022,LV,,45.0,46.0,2022,7
Ipsos,FiveThirtyEight,B-,Online,06/27/2022,07/05/2022,A,,29.0,29.0,2022,7
Ipsos,FiveThirtyEight,B-,Online,06/27/2022,07/05/2022,LV,,39.0,38.0,2022,7
Morning Consult,,B,Online,07/02/2022,07/04/2022,RV,,45.0,42.0,2022,7
Big Village,,B,Online,07/01/2022,07/03/2022,A,,40.5,36.3,2022,7
Big Village,,B,Online,07/01/2022,07/03/2022,RV,,47.4,41.6,2022,7
Morning Consult,,B,Online,07/01/2022,07/03/2022,RV,,46.0,42.0,2022,7
Morning Consult,,B,Online,06/30/2022,07/02/2022,RV,,45.0,41.0,2022,7
Morning Consult,,B,Online,06/29/2022,07/01/2022,RV,,45.0,42.0,2022,7
Center Street PAC,,Unrated,Online,06/30/2022,06/30/2022,RV,DEM,41.0,45.0,2022,6
Center Street PAC,,Unrated,Online,06/30/2022,06/30/2022,LV,DEM,41.0,49.0,2022,6
Harris Poll,Harvard CAPS,B+,Online,06/29/2022,06/30/2022,RV,,50.0,50.0,2022,6
Morning Consult,,B,Online,06/28/2022,06/30/2022,RV,,45.0,42.0,2022,6
Rasmussen Reports/Pulse Opinion Research,Matt Palumbo's The Man Behind the Curtain: Inside the Secret Network of George Soros,B,IVR/Online,06/26/2022,06/30/2022,LV,,42.0,47.0,2022,6
Emerson College,,A-,IVR/Online,06/28/2022,06/29/2022,RV,,43.3,45.7,2022,6
Morning Consult,,B,Online,06/27/2022,06/29/2022,RV,,45.0,42.0,2022,6
Morning Consult,,B,Online,06/26/2022,06/28/2022,RV,,45.0,42.0,2022,6
YouGov,Economist,B+,Online,06/25/2022,06/28/2022,RV,,40.0,45.0,2022,6
Cor Services,Foundation for Government Accountability,Unrated,IVR,06/25/2022,06/27/2022,LV,,42.0,46.0,2022,6
Morning Consult,,B,Online,06/25/2022,06/27/2022,RV,,45.0,42.0,2022,6
YouGov,Yahoo News,B+,Online,06/24/2022,06/27/2022,RV,,45.0,38.0,2022,6
YouGov,Yahoo News,B+,Online,06/24/2022,06/27/2022,A,,39.0,32.0,2022,6
Monmouth University,,A,Live Phone,06/23/2022,06/27/2022,A,,47.0,47.0,2022,6
Monmouth University,,A,Live Phone,06/23/2022,06/27/2022,RV,,46.0,48.0,2022,6
Public Opinion Strategies,Americans for Prosperity,A-,Live Phone,06/22/2022,06/27/2022,RV,REP,42.0,39.0,2022,6
Morning Consult,,B,Online,06/24/2022,06/26/2022,RV,,44.0,42.0,2022,6
Marist College,NPR | PBS NewsHour,A,Live Phone,06/24/2022,06/25/2022,RV,,48.0,41.0,2022,6
Morning Consult,Politico,B,Online,06/24/2022,06/25/2022,RV,,45.0,42.0,2022,6
Morning Consult,,B,Online,06/23/2022,06/25/2022,RV,,44.0,42.0,2022,6
Morning Consult,,B,Online,06/22/2022,06/24/2022,RV,,44.0,43.0,2022,6
Echelon Insights,NetChoice,B/C,Online,06/17/2022,06/24/2022,RV,,45.0,46.0,2022,6
Morning Consult,,B,Online,06/21/2022,06/23/2022,RV,,44.0,43.0,2022,6
Trafalgar Group,,A-,IVR/Online/Text/Live Phone,06/20/2022,06/23/2022,LV,REP,39.8,49.4,2022,6
Rasmussen Reports/Pulse Opinion Research,Miranda Devine's LAPTOP FROM HELL,B,IVR/Online,06/19/2022,06/23/2022,LV,,40.0,48.0,2022,6
Morning Consult,,B,Online,06/20/2022,06/22/2022,RV,,44.0,43.0,2022,6
McLaughlin & Associates,,C/D,Online,06/17/2022,06/22/2022,LV,,44.0,48.0,2022,6
NewsNation,,Unrated,Online,06/20/2022,06/21/2022,RV,,42.58,42.76,2022,6
Morning Consult,,B,Online,06/19/2022,06/21/2022,RV,,44.0,43.0,2022,6
YouGov,Economist,B+,Online,06/17/2022,06/21/2022,RV,,41.0,45.0,2022,6
Morning Consult,,B,Online,06/18/2022,06/20/2022,RV,,44.0,42.0,2022,6
Echelon Insights,,B/C,Online,06/17/2022,06/20/2022,LV,,47.0,46.0,2022,6
Echelon Insights,,B/C,Online,06/17/2022,06/20/2022,RV,,47.0,45.0,2022,6
Morning Consult,Politico,B,Online,06/17/2022,06/20/2022,RV,,42.0,42.0,2022,6
OnMessage,Senate Opportunity Fund,B/C,Online,06/17/2022,06/19/2022,LV,REP,43.0,47.0,2022,6
Morning Consult,,B,Online,06/17/2022,06/19/2022,RV,,44.0,42.0,2022,6
Cygnal,,B+,Online,06/16/2022,06/18/2022,LV,,44.7,48.9,2022,6
Morning Consult,,B,Online,06/16/2022,06/18/2022,RV,,44.0,42.0,2022,6
Big Village,,B,Online,06/15/2022,06/17/2022,A,,38.8,36.9,2022,6
Big Village,,B,Online,06/15/2022,06/17/2022,RV,,43.6,42.2,2022,6
Morning Consult,,B,Online,06/15/2022,06/17/2022,RV,,44.0,42.0,2022,6
Morning Consult,,B,Online,06/14/2022,06/16/2022,RV,,44.0,42.0,2022,6
Rasmussen Reports/Pulse Opinion Research,Miranda Devine's LAPTOP FROM HELL,B,IVR/Online,06/12/2022,06/16/2022,LV,,41.0,46.0,2022,6
Morning Consult,,B,Online,06/13/2022,06/15/2022,RV,,44.0,42.0,2022,6
Suffolk University,USA Today,B+,Live Phone,06/12/2022,06/15/2022,RV,,40.0,39.5,2022,6
Morning Consult,,B,Online,06/12/2022,06/14/2022,RV,,44.0,42.0,2022,6
YouGov,Economist,B+,Online,06/11/2022,06/14/2022,RV,,42.0,46.0,2022,6
Morning Consult,,B,Online,06/11/2022,06/13/2022,RV,,44.0,42.0,2022,6
Beacon Research/Shaw & Company Research,FOX News,A,Live Phone,06/10/2022,06/13/2022,RV,,44.0,47.0,2022,6
YouGov,Yahoo News,B+,Online,06/10/2022,06/13/2022,A,,38.0,34.0,2022,6
YouGov,Yahoo News,B+,Online,06/10/2022,06/13/2022,RV,,43.0,39.0,2022,6
Morning Consult,Politico,B,Online,06/10/2022,06/12/2022,RV,,44.0,42.0,2022,6
Morning Consult,,B,Online,06/10/2022,06/12/2022,RV,,44.0,42.0,2022,6
GQR,Democracy Corps,B,Online,06/04/2022,06/12/2022,RV,DEM,47.0,49.0,2022,6
Morning Consult,,B,Online,06/09/2022,06/11/2022,RV,,43.0,42.0,2022,6
Morning Consult,,B,Online,06/08/2022,06/10/2022,RV,,43.0,42.0,2022,6
Morning Consult,,B,Online,06/07/2022,06/09/2022,RV,,43.0,42.0,2022,6
Rasmussen Reports/Pulse Opinion Research,Miranda Devine's LAPTOP FROM HELL,B,IVR/Online,06/05/2022,06/09/2022,LV,,39.0,48.0,2022,6
Impact Research,Third Way,B/C,Online,06/02/2022,06/09/2022,LV,,47.0,44.0,2022,6
Morning Consult,,B,Online,06/06/2022,06/08/2022,RV,,44.0,42.0,2022,6
Ipsos,Reuters,B-,Online,06/06/2022,06/07/2022,A,,39.0,37.0,2022,6
Morning Consult,,B,Online,06/05/2022,06/07/2022,RV,,44.0,43.0,2022,6
YouGov,Economist,B+,Online,06/04/2022,06/07/2022,RV,,43.0,45.0,2022,6
Global Strategy Group,Third Way,B/C,Online,06/01/2022,06/07/2022,LV,,45.0,47.0,2022,6
Morning Consult,,B,Online,06/04/2022,06/06/2022,RV,,44.0,43.0,2022,6
Quinnipiac University,,A-,Live Phone,06/03/2022,06/06/2022,A,,40.0,44.0,2022,6
Quinnipiac University,,A-,Live Phone,06/03/2022,06/06/2022,RV,,41.0,46.0,2022,6
Ipsos,FiveThirtyEight,B-,Online,05/26/2022,06/06/2022,A,,27.0,29.0,2022,6
Ipsos,FiveThirtyEight,B-,Online,05/26/2022,06/06/2022,LV,,35.0,42.0,2022,6
Morning Consult,Politico,B,Online,06/04/2022,06/05/2022,RV,,42.0,42.0,2022,6
Morning Consult,,B,Online,06/03/2022,06/05/2022,RV,,44.0,43.0,2022,6
Morning Consult,,B,Online,06/02/2022,06/04/2022,RV,,44.0,42.0,2022,6
Big Village,,B,Online,06/01/2022,06/03/2022,A,,37.4,38.0,2022,6
Big Village,,B,Online,06/01/2022,06/03/2022,RV,,43.0,43.8,2022,6
Morning Consult,,B,Online,06/01/2022,06/03/2022,RV,,44.0,43.0,2022,6
Morning Consult,,B,Online,05/31/2022,06/02/2022,RV,,44.0,43.0,2022,6
Rasmussen Reports/Pulse Opinion Research,Miranda Devine's LAPTOP FROM HELL,B,IVR/Online,05/29/2022,06/02/2022,LV,,40.0,48.0,2022,6
Morning Consult,,B,Online,05/30/2022,06/01/2022,RV,,44.0,42.0,2022,6
Morning Consult,,B,Online,05/29/2022,05/31/2022,RV,,44.0,42.0,2022,5
YouGov,Economist,B+,Online,05/28/2022,05/31/2022,RV,,43.0,43.0,2022,5
Morning Consult,,B,Online,05/28/2022,05/30/2022,RV,,43.0,42.0,2022,5
Morning Consult,,B,Online,05/27/2022,05/29/2022,RV,,43.0,43.0,2022,5
Morning Consult,,B,Online,05/26/2022,05/28/2022,RV,,43.0,42.0,2022,5
Morning Consult,,B,Online,05/25/2022,05/27/2022,RV,,43.0,42.0,2022,5
The Winston Group,Winning the Issues,A/B,Online,05/25/2022,05/26/2022,RV,REP,44.0,45.0,2022,5
Morning Consult,,B,Online,05/24/2022,05/26/2022,RV,,43.0,42.0,2022,5
Rasmussen Reports/Pulse Opinion Research,Miranda Devine's LAPTOP FROM HELL,B,IVR/Online,05/22/2022,05/26/2022,LV,,41.0,47.0,2022,5
Emerson College,,A-,IVR/Online,05/24/2022,05/25/2022,RV,,42.3,45.2,2022,5
Morning Consult,,B,Online,05/23/2022,05/25/2022,RV,,43.0,43.0,2022,5
Morning Consult,,B,Online,05/22/2022,05/24/2022,RV,,44.0,43.0,2022,5
YouGov,Economist,B+,Online,05/21/2022,05/24/2022,RV,,41.0,45.0,2022,5
Morning Consult,,B,Online,05/21/2022,05/23/2022,RV,,44.0,43.0,2022,5
Echelon Insights,,B/C,Online,05/20/2022,05/23/2022,RV,,46.0,43.0,2022,5
Echelon Insights,,B/C,Online,05/20/2022,05/23/2022,LV,,45.0,45.0,2022,5
Morning Consult,Politico,B,Online,05/20/2022,05/22/2022,RV,,45.0,41.0,2022,5
Morning Consult,,B,Online,05/20/2022,05/22/2022,RV,,44.0,42.0,2022,5
YouGov,Yahoo News,B+,Online,05/19/2022,05/22/2022,RV,,42.0,38.0,2022,5
YouGov,Yahoo News,B+,Online,05/19/2022,05/22/2022,A,,38.0,36.0,2022,5
Morning Consult,,B,Online,05/19/2022,05/21/2022,RV,,44.0,42.0,2022,5
Big Village,,B,Online,05/18/2022,05/20/2022,A,,37.3,37.6,2022,5
Big Village,,B,Online,05/18/2022,05/20/2022,RV,,42.9,43.2,2022,5
Morning Consult,,B,Online,05/18/2022,05/20/2022,RV,,44.0,42.0,2022,5
NewsNation,,Unrated,Online,05/18/2022,05/19/2022,RV,,41.15,43.27,2022,5
Harris Poll,Harvard CAPS,B+,Online,05/18/2022,05/19/2022,RV,,49.0,51.0,2022,5
Morning Consult,,B,Online,05/17/2022,05/19/2022,RV,,44.0,42.0,2022,5
Rasmussen Reports/Pulse Opinion Research,Miranda Devine's LAPTOP FROM HELL,B,IVR/Online,05/15/2022,05/19/2022,LV,,39.0,48.0,2022,5
Morning Consult,,B,Online,05/16/2022,05/18/2022,RV,,44.0,42.0,2022,5
YouGov,Economist,B+,Online,05/15/2022,05/17/2022,RV,,43.0,40.0,2022,5
Morning Consult,,B,Online,05/15/2022,05/17/2022,RV,,44.0,42.0,2022,5
Morning Consult,,B,Online,05/14/2022,05/16/2022,RV,,44.0,42.0,2022,5
Morning Consult,Politico,B,Online,05/13/2022,05/16/2022,RV,,44.0,42.0,2022,5
The Bullfinch Group,,Unrated,Online,05/12/2022,05/16/2022,A,,42.0,41.0,2022,5
The Bullfinch Group,,Unrated,Online,05/12/2022,05/16/2022,RV,,44.0,42.0,2022,5
Quinnipiac University,,A-,Live Phone,05/12/2022,05/16/2022,A,,42.0,47.0,2022,5
Quinnipiac University,,A-,Live Phone,05/12/2022,05/16/2022,RV,,43.0,47.0,2022,5
Cygnal,,B+,Online,05/13/2022,05/15/2022,LV,,45.1,47.8,2022,5
Morning Consult,,B,Online,05/13/2022,05/15/2022,RV,,44.0,42.0,2022,5
Morning Consult,,B,Online,05/12/2022,05/14/2022,RV,,43.0,42.0,2022,5
McLaughlin & Associates,American Majority Project,C/D,Online,05/09/2022,05/14/2022,LV,REP,42.0,47.0,2022,5
Morning Consult,,B,Online,05/11/2022,05/13/2022,RV,,43.0,42.0,2022,5
Marist College,NPR | PBS NewsHour,A,Live Phone,05/09/2022,05/13/2022,RV,,47.0,42.0,2022,5
Morning Consult,,B,Online,05/10/2022,05/12/2022,RV,,43.0,42.0,2022,5
Morning Consult,,B,Online,05/09/2022,05/11/2022,RV,,44.0,42.0,2022,5
YouGov,Economist,B+,Online,05/08/2022,05/10/2022,RV,,51.0,49.0,2022,5
Morning Consult,,B,Online,05/08/2022,05/10/2022,RV,,44.0,42.0,2022,5
Hart Research Associates/Public Opinion Strategies,NBC News,B+,Live Phone,05/05/2022,05/10/2022,RV,,46.0,46.0,2022,5
Morning Consult,,B,Online,05/07/2022,05/09/2022,RV,,43.0,42.0,2022,5
Morning Consult,Politico,B,Online,05/06/2022,05/09/2022,RV,,44.0,42.0,2022,5
Monmouth University,,A,Live Phone,05/05/2022,05/09/2022,A,,44.0,48.0,2022,5
Monmouth University,,A,Live Phone,05/05/2022,05/09/2022,RV,,43.0,50.0,2022,5
YouGov,UMass Amherst | WCVB-TV,B+,Online,05/05/2022,05/09/2022,A,,44.0,38.0,2022,5
Morning Consult,,B,Online,05/06/2022,05/08/2022,RV,,43.0,42.0,2022,5
Morning Consult,,B,Online,05/05/2022,05/07/2022,RV,,43.0,42.0,2022,5
OnMessage,Senate Opportunity Fund,B/C,Online,05/04/2022,05/06/2022,LV,REP,44.0,45.0,2022,5
Big Village,,B,Online,05/04/2022,05/06/2022,A,,39.2,36.8,2022,5
Big Village,,B,Online,05/04/2022,05/06/2022,RV,,45.3,42.0,2022,5
TIPP Insights,James Golden,A+,Online,05/04/2022,05/06/2022,RV,REP,42.0,43.0,2022,5
Morning Consult,,B,Online,05/04/2022,05/06/2022,RV,,44.0,41.0,2022,5
YouGov,Yahoo News,B+,Online,05/03/2022,05/06/2022,RV,,43.0,39.0,2022,5
YouGov,Yahoo News,B+,Online,05/03/2022,05/06/2022,A,,37.0,33.0,2022,5
SSRS,CNN,C,Live Phone/Online,05/03/2022,05/05/2022,RV,,42.0,49.0,2022,5
Morning Consult,,B,Online,05/03/2022,05/05/2022,RV,,43.0,42.0,2022,5
Ipsos,FiveThirtyEight,B-,Online,04/27/2022,05/05/2022,A,,27.0,29.0,2022,5
Ipsos,FiveThirtyEight,B-,Online,04/27/2022,05/05/2022,LV,,38.0,40.0,2022,5
Morning Consult,,B,Online,05/02/2022,05/04/2022,RV,,43.0,42.0,2022,5
Morning Consult,Politico,B,Online,05/03/2022,05/03/2022,RV,,43.0,43.0,2022,5
Morning Consult,,B,Online,05/01/2022,05/03/2022,RV,,43.0,42.0,2022,5
YouGov,Economist,B+,Online,04/30/2022,05/03/2022,RV,,53.0,47.0,2022,5
Morning Consult,,B,Online,04/30/2022,05/02/2022,RV,,43.0,42.0,2022,5
Morning Consult,Politico,B,Online,04/29/2022,05/02/2022,RV,,43.0,43.0,2022,5
Morning Consult,,B,Online,04/29/2022,05/01/2022,RV,,42.0,42.0,2022,5
Beacon Research/Shaw & Company Research,FOX News,A,Live Phone,04/28/2022,05/01/2022,RV,,39.0,46.0,2022,5
SSRS,CNN,C,Live Phone/Online,04/28/2022,05/01/2022,RV,,44.0,45.0,2022,5
Morning Consult,,B,Online,04/28/2022,04/30/2022,RV,,42.0,42.0,2022,4
Morning Consult,,B,Online,04/27/2022,04/29/2022,RV,,42.0,42.0,2022,4
The Winston Group,Winning the Issues,A/B,Online,04/26/2022,04/28/2022,RV,REP,44.0,45.0,2022,4
Morning Consult,,B,Online,04/26/2022,04/28/2022,RV,,43.0,42.0,2022,4
ABC News/The Washington Post,,A+,Live Phone,04/24/2022,04/28/2022,RV,,46.0,45.0,2022,4
YouGov,Economist,B+,Online,04/26/2022,04/27/2022,RV,,42.1,39.3,2022,4
Morning Consult,,B,Online,04/25/2022,04/27/2022,RV,,43.0,42.0,2022,4
Susquehanna Polling & Research,The Federalist,B+,Live Phone,04/19/2022,04/27/2022,LV,,39.0,49.0,2022,4
Emerson College,,A-,IVR/Online,04/25/2022,04/26/2022,RV,,40.6,46.8,2022,4
Morning Consult,,B,Online,04/24/2022,04/26/2022,RV,,43.0,42.0,2022,4
McLaughlin & Associates,,C/D,Online,04/22/2022,04/26/2022,LV,,43.0,48.0,2022,4
Marist College,NPR | PBS NewsHour,A,Live Phone,04/19/2022,04/26/2022,RV,,44.0,47.0,2022,4
Morning Consult,,B,Online,04/23/2022,04/25/2022,RV,,42.0,42.0,2022,4
Morning Consult,Politico,B,Online,04/22/2022,04/25/2022,RV,,43.0,42.0,2022,4
Quinnipiac University,,A-,Live Phone,04/21/2022,04/25/2022,A,,40.0,44.0,2022,4
Quinnipiac University,,A-,Live Phone,04/21/2022,04/25/2022,RV,,42.0,45.0,2022,4
Morning Consult,,B,Online,04/22/2022,04/24/2022,RV,,42.0,42.0,2022,4
InsiderAdvantage,Center for American Greatness,B,,04/21/2022,04/23/2022,LV,,39.0,51.0,2022,4
Morning Consult,,B,Online,04/21/2022,04/23/2022,RV,,42.0,42.0,2022,4
Morning Consult,,B,Online,04/20/2022,04/23/2022,A,,42.0,36.0,2022,4
Big Village,,B,Online,04/20/2022,04/22/2022,A,,37.0,37.1,2022,4
Big Village,,B,Online,04/20/2022,04/22/2022,RV,,44.2,42.2,2022,4
Morning Consult,,B,Online,04/20/2022,04/22/2022,RV,,43.0,42.0,2022,4
YouGov,Yahoo News,B+,Online,04/19/2022,04/22/2022,A,,37.0,34.0,2022,4
YouGov,Yahoo News,B+,Online,04/19/2022,04/22/2022,RV,,44.0,40.0,2022,4
Harris Poll,Harvard CAPS,B+,Online,04/20/2022,04/21/2022,RV,,50.0,50.0,2022,4
Morning Consult,,B,Online,04/19/2022,04/21/2022,RV,,42.0,42.0,2022,4
Trafalgar Group,,A-,IVR/Online/Text/Live Phone,04/18/2022,04/20/2022,LV,REP,39.4,48.1,2022,4
Echelon Insights,,B/C,Online,04/18/2022,04/20/2022,LV,,45.0,47.0,2022,4
Echelon Insights,,B/C,Online,04/18/2022,04/20/2022,RV,,46.0,46.0,2022,4
Morning Consult,,B,Online,04/18/2022,04/20/2022,RV,,42.0,43.0,2022,4
Morning Consult,,B,Online,04/17/2022,04/19/2022,RV,,42.0,42.0,2022,4
YouGov,Economist,B+,Online,04/16/2022,04/19/2022,RV,,42.7,38.2,2022,4
NewsNation,,Unrated,Online,04/17/2022,04/18/2022,RV,,39.7,40.7,2022,4
Morning Consult,,B,Online,04/16/2022,04/18/2022,RV,,42.0,42.0,2022,4
Cygnal,,B+,Online,04/15/2022,04/18/2022,LV,,45.0,47.4,2022,4
Public Opinion Strategies,Americans for Prosperity,A-,Online,04/12/2022,04/18/2022,RV,REP,49.0,51.0,2022,4
Morning Consult,Politico,B,Online,04/15/2022,04/17/2022,RV,,43.0,42.0,2022,4
Morning Consult,,B,Online,04/15/2022,04/17/2022,RV,,42.0,42.0,2022,4
Morning Consult,,B,Online,04/14/2022,04/16/2022,RV,,42.0,43.0,2022,4
Morning Consult,,B,Online,04/13/2022,04/15/2022,RV,,42.0,43.0,2022,4
Morning Consult,,B,Online,04/12/2022,04/14/2022,RV,,43.0,42.0,2022,4
Rasmussen Reports/Pulse Opinion Research,Miranda Devine's LAPTOP FROM HELL,B,IVR/Online,04/10/2022,04/14/2022,LV,,39.0,47.0,2022,4
Morning Consult,,B,Online,04/11/2022,04/13/2022,RV,,43.0,42.0,2022,4
Morning Consult,,B,Online,04/10/2022,04/12/2022,RV,,43.0,42.0,2022,4
YouGov,Economist,B+,Online,04/09/2022,04/12/2022,RV,,41.6,39.2,2022,4
Morning Consult,,B,Online,04/09/2022,04/11/2022,RV,,43.0,42.0,2022,4
Morning Consult,Politico,B,Online,04/08/2022,04/11/2022,RV,,40.0,43.0,2022,4
Morning Consult,,B,Online,04/08/2022,04/10/2022,RV,,43.0,42.0,2022,4
Morning Consult,,B,Online,04/07/2022,04/09/2022,RV,,43.0,42.0,2022,4
Big Village,,B,Online,04/06/2022,04/08/2022,A,,40.7,35.9,2022,4
Big Village,,B,Online,04/06/2022,04/08/2022,RV,,44.0,43.1,2022,4
Morning Consult,,B,Online,04/06/2022,04/08/2022,RV,,42.0,42.0,2022,4
Morning Consult,,B,Online,04/05/2022,04/07/2022,RV,,42.0,43.0,2022,4
Morning Consult,,B,Online,04/04/2022,04/06/2022,RV,,43.0,43.0,2022,4
Morning Consult,,B,Online,04/03/2022,04/05/2022,RV,,43.0,43.0,2022,4
YouGov,Economist,B+,Online,04/02/2022,04/05/2022,RV,,41.9,37.7,2022,4
Morning Consult,,B,Online,04/02/2022,04/04/2022,RV,,44.0,43.0,2022,4
Morning Consult,Politico,B,Online,04/01/2022,04/04/2022,RV,,43.0,43.0,2022,4
YouGov,Yahoo News,B+,Online,03/31/2022,04/04/2022,A,,36.0,34.0,2022,4
YouGov,Yahoo News,B+,Online,03/31/2022,04/04/2022,RV,,44.0,41.0,2022,4
Quinnipiac University,,A-,Live Phone,03/31/2022,04/04/2022,A,,43.0,44.0,2022,4
Quinnipiac University,,A-,Live Phone,03/31/2022,04/04/2022,RV,,43.0,47.0,2022,4
Morning Consult,,B,Online,04/01/2022,04/03/2022,RV,,44.0,43.0,2022,4
Morning Consult,,B,Online,03/31/2022,04/02/2022,RV,,43.0,42.0,2022,4
Morning Consult,,B,Online,03/30/2022,04/01/2022,RV,,42.0,42.0,2022,4
OnMessage,Senate Opportunity Fund,B/C,Online,03/29/2022,03/31/2022,LV,REP,43.0,46.0,2022,3
Morning Consult,,B,Online,03/29/2022,03/31/2022,RV,,43.0,42.0,2022,3
Morning Consult,,B,Online,03/28/2022,03/30/2022,RV,,42.0,43.0,2022,3
Morning Consult,,B,Online,03/27/2022,03/29/2022,RV,,43.0,43.0,2022,3
YouGov,Economist,B+,Online,03/26/2022,03/29/2022,RV,,40.7,38.6,2022,3
Morning Consult,,B,Online,03/26/2022,03/28/2022,RV,,43.0,43.0,2022,3
Morning Consult,Politico,B,Online,03/25/2022,03/27/2022,RV,,42.0,41.0,2022,3
Big Village,,B,Online,03/25/2022,03/27/2022,A,,37.8,38.4,2022,3
Big Village,,B,Online,03/25/2022,03/27/2022,RV,,45.0,42.3,2022,3
Morning Consult,,B,Online,03/25/2022,03/27/2022,RV,,44.0,42.0,2022,3
Morning Consult,,B,Online,03/24/2022,03/26/2022,RV,,43.0,43.0,2022,3
co/efficient,,B/C,Text,03/25/2022,03/25/2022,LV,,34.0,40.0,2022,3
Morning Consult,,B,Online,03/23/2022,03/25/2022,RV,,43.0,43.0,2022,3
Harris Poll,Harvard CAPS,B+,Online,03/23/2022,03/24/2022,RV,,47.0,53.0,2022,3
Morning Consult,,B,Online,03/22/2022,03/24/2022,RV,,43.0,43.0,2022,3
Morning Consult,,B,Online,03/21/2022,03/23/2022,RV,,43.0,42.0,2022,3
NewsNation,,Unrated,Online,03/21/2022,03/22/2022,RV,,39.31,40.96,2022,3
Morning Consult,,B,Online,03/20/2022,03/22/2022,RV,,43.0,42.0,2022,3
YouGov,Economist,B+,Online,03/19/2022,03/22/2022,RV,,43.1,38.7,2022,3
Hart Research Associates/Public Opinion Strategies,NBC News,B+,Live Phone,03/18/2022,03/22/2022,A,,44.0,46.0,2022,3
McLaughlin & Associates,,C/D,Online,03/17/2022,03/22/2022,LV,,44.0,48.0,2022,3
Morning Consult,,B,Online,03/19/2022,03/21/2022,RV,,43.0,42.0,2022,3
Morning Consult,Politico,B,Online,03/18/2022,03/21/2022,RV,,42.0,41.0,2022,3
Echelon Insights,,B/C,Online,03/18/2022,03/21/2022,LV,,45.0,45.0,2022,3
Echelon Insights,,B/C,Online,03/18/2022,03/21/2022,RV,,45.0,44.0,2022,3
Beacon Research/Shaw & Company Research,FOX News,A,Live Phone,03/18/2022,03/21/2022,RV,,41.0,43.0,2022,3
University of Massachusetts Lowell,,B+,Online,03/15/2022,03/21/2022,RV,,42.0,40.0,2022,3
Hofstra University,,B/C,Online,03/11/2022,03/21/2022,RV,,50.63,49.28,2022,3
Emerson College,,A-,IVR/Online,03/18/2022,03/20/2022,RV,,41.8,47.1,2022,3
Morning Consult,,B,Online,03/18/2022,03/20/2022,RV,,42.0,42.0,2022,3
Cygnal,,B+,Online,03/17/2022,03/19/2022,LV,,45.9,46.7,2022,3
Morning Consult,,B,Online,03/17/2022,03/19/2022,RV,,43.0,42.0,2022,3
Morning Consult,,B,Online,03/16/2022,03/18/2022,RV,,42.0,42.0,2022,3
OnMessage,Senate Opportunity Fund,B/C,Online,03/15/2022,03/17/2022,LV,REP,44.0,47.0,2022,3
Morning Consult,,B,Online,03/15/2022,03/17/2022,RV,,43.0,42.0,2022,3
Rasmussen Reports/Pulse Opinion Research,Miranda Devine's LAPTOP FROM HELL,B,IVR/Online,03/13/2022,03/17/2022,LV,,39.0,50.0,2022,3
Morning Consult,,B,Online,03/14/2022,03/16/2022,RV,,43.0,42.0,2022,3
Morning Consult,,B,Online,03/13/2022,03/15/2022,RV,,43.0,43.0,2022,3
YouGov,Economist,B+,Online,03/12/2022,03/15/2022,RV,,39.8,40.6,2022,3
The Winston Group,Winning the Issues,A/B,Online,03/12/2022,03/14/2022,RV,REP,44.0,45.0,2022,3
Morning Consult,,B,Online,03/12/2022,03/14/2022,RV,,43.0,43.0,2022,3
Morning Consult,Politico,B,Online,03/11/2022,03/14/2022,RV,,42.0,43.0,2022,3
YouGov,Yahoo News,B+,Online,03/10/2022,03/14/2022,A,,36.0,33.0,2022,3
YouGov,Yahoo News,B+,Online,03/10/2022,03/14/2022,RV,,42.0,38.0,2022,3
Monmouth University,,A,Live Phone,03/10/2022,03/14/2022,A,,46.0,45.0,2022,3
Monmouth University,,A,Live Phone,03/10/2022,03/14/2022,RV,,46.0,46.0,2022,3
SocialSphere,Murmuration,B/C,Online,03/06/2022,03/14/2022,RV,,40.0,41.0,2022,3
Morning Consult,,B,Online,03/11/2022,03/13/2022,RV,,43.0,42.0,2022,3
Pew Research Center,,B/C,Online,03/07/2022,03/13/2022,RV,,43.0,43.0,2022,3
Morning Consult,,B,Online,03/10/2022,03/12/2022,RV,,43.0,42.0,2022,3
Big Village,,B,Online,03/09/2022,03/11/2022,A,,36.5,38.5,2022,3
Big Village,,B,Online,03/09/2022,03/11/2022,RV,,41.9,44.4,2022,3
Morning Consult,,B,Online,03/09/2022,03/11/2022,RV,,43.0,42.0,2022,3
Morning Consult,,B,Online,03/08/2022,03/10/2022,RV,,43.0,42.0,2022,3
Morning Consult,,B,Online,03/07/2022,03/09/2022,RV,,43.0,43.0,2022,3
InsiderAdvantage,Center for American Greatness,B,IVR/Live Phone,03/07/2022,03/08/2022,LV,,40.0,48.0,2022,3
Morning Consult,,B,Online,03/06/2022,03/08/2022,RV,,43.0,42.0,2022,3
YouGov,Economist,B+,Online,03/05/2022,03/08/2022,RV,,44.3,38.8,2022,3
Morning Consult,,B,Online,03/05/2022,03/07/2022,RV,,43.0,42.0,2022,3
"Fabrizio, Lee & Associates/Impact Research",Wall Street Journal,Unrated,Live Phone/Online,03/02/2022,03/07/2022,RV,,41.0,46.0,2022,3
Morning Consult,Politico,B,Online,03/04/2022,03/06/2022,RV,,43.0,41.0,2022,3
Morning Consult,,B,Online,03/04/2022,03/06/2022,RV,,43.0,42.0,2022,3
Morning Consult,,B,Online,03/03/2022,03/05/2022,RV,,42.0,42.0,2022,3
Morning Consult,,B,Online,03/02/2022,03/04/2022,RV,,43.0,42.0,2022,3
Cor Services,Foundation for Government Accountability,Unrated,IVR,03/01/2022,03/03/2022,LV,,42.0,43.0,2022,3
Morning Consult,,B,Online,03/01/2022,03/03/2022,RV,,43.0,42.0,2022,3
Morning Consult,,B,Online,02/28/2022,03/02/2022,RV,,43.0,42.0,2022,3
Morning Consult,,B,Online,02/27/2022,03/01/2022,RV,,42.0,43.0,2022,3
YouGov,Economist,B+,Online,02/26/2022,03/01/2022,RV,,42.2,38.3,2022,3
Morning Consult,,B,Online,02/26/2022,02/28/2022,RV,,41.0,44.0,2022,2
Morning Consult,Politico,B,Online,02/25/2022,02/27/2022,RV,,42.0,41.0,2022,2
Morning Consult,,B,Online,02/25/2022,02/27/2022,RV,,41.0,44.0,2022,2
YouGov,Yahoo News,B+,Online,02/24/2022,02/27/2022,A,,36.0,33.0,2022,2
YouGov,Yahoo News,B+,Online,02/24/2022,02/27/2022,RV,,42.0,39.0,2022,2
Morning Consult,,B,Online,02/24/2022,02/26/2022,RV,,41.0,45.0,2022,2
Big Village,,B,Online,02/23/2022,02/25/2022,A,,38.5,36.7,2022,2
Big Village,,B,Online,02/23/2022,02/25/2022,RV,,44.5,41.2,2022,2
Morning Consult,,B,Online,02/23/2022,02/25/2022,RV,,41.0,45.0,2022,2
Harris Poll,Harvard CAPS,B+,Online,02/23/2022,02/24/2022,RV,,49.0,51.0,2022,2
NewsNation,,Unrated,Online,02/23/2022,02/24/2022,RV,,38.92,41.94,2022,2
OnMessage,Senate Opportunity Fund,B/C,Online,02/23/2022,02/24/2022,LV,REP,45.0,43.0,2022,2
Morning Consult,,B,Online,02/22/2022,02/24/2022,RV,,41.0,44.0,2022,2
ABC News/The Washington Post,,A+,Live Phone,02/20/2022,02/24/2022,RV,,42.0,49.0,2022,2
Morning Consult,,B,Online,02/21/2022,02/23/2022,RV,,42.0,43.0,2022,2
Echelon Insights,,B/C,Online,02/19/2022,02/23/2022,RV,,45.0,44.0,2022,2
The Bullfinch Group,,Unrated,Online,02/19/2022,02/23/2022,A,,39.0,40.0,2022,2
The Bullfinch Group,,Unrated,Online,02/19/2022,02/23/2022,RV,,41.0,42.0,2022,2
Morning Consult,,B,Online,02/20/2022,02/22/2022,RV,,42.0,43.0,2022,2
YouGov,Economist,B+,Online,02/19/2022,02/22/2022,RV,,43.9,37.6,2022,2
Beacon Research/Shaw & Company Research,FOX News,A,Live Phone,02/19/2022,02/22/2022,RV,,45.0,49.0,2022,2
McLaughlin & Associates,,C/D,Online,02/16/2022,02/22/2022,LV,,45.0,47.0,2022,2
Morning Consult,Politico,B,Online,02/19/2022,02/21/2022,RV,,45.0,41.0,2022,2
Morning Consult,,B,Online,02/19/2022,02/21/2022,RV,,42.0,43.0,2022,2
Emerson College,,A-,IVR/Online/Text,02/19/2022,02/20/2022,RV,,41.4,49.9,2022,2
Morning Consult,,B,Online,02/18/2022,02/20/2022,RV,,41.0,44.0,2022,2
Suffolk University,USA Today,B+,Live Phone,02/16/2022,02/20/2022,RV,,38.9,37.3,2022,2
Morning Consult,,B,Online,02/17/2022,02/19/2022,RV,,41.0,44.0,2022,2
Morning Consult,,B,Online,02/16/2022,02/18/2022,RV,,42.0,43.0,2022,2
Morning Consult,,B,Online,02/15/2022,02/17/2022,RV,,43.0,43.0,2022,2
Rasmussen Reports/Pulse Opinion Research,Miranda Devine's LAPTOP FROM HELL,B,IVR/Online,02/13/2022,02/17/2022,LV,,37.0,50.0,2022,2
The Winston Group,Winning the Issues,A/B,Online,02/15/2022,02/16/2022,RV,REP,44.0,44.0,2022,2
Morning Consult,,B,Online,02/14/2022,02/16/2022,RV,,42.0,43.0,2022,2
Morning Consult,,B,Online,02/13/2022,02/15/2022,RV,,43.0,43.0,2022,2
YouGov,Economist,B+,Online,02/12/2022,02/15/2022,RV,,42.2,37.2,2022,2
Morning Consult,,B,Online,02/12/2022,02/14/2022,RV,,42.0,43.0,2022,2
Quinnipiac University,,A-,Live Phone,02/10/2022,02/14/2022,A,,43.0,45.0,2022,2
Quinnipiac University,,A-,Live Phone,02/10/2022,02/14/2022,RV,,44.0,46.0,2022,2
Morning Consult,Politico,B,Online,02/12/2022,02/13/2022,RV,,41.0,43.0,2022,2
Morning Consult,,B,Online,02/11/2022,02/13/2022,RV,,42.0,44.0,2022,2
Morning Consult,,B,Online,02/10/2022,02/12/2022,RV,,41.0,44.0,2022,2
Big Village,,B,Online,02/09/2022,02/11/2022,A,,39.2,35.5,2022,2
Big Village,,B,Online,02/09/2022,02/11/2022,RV,,44.5,41.5,2022,2
Morning Consult,,B,Online,02/09/2022,02/11/2022,RV,,41.0,44.0,2022,2
OnMessage,Senate Opportunity Fund,B/C,Online,02/08/2022,02/10/2022,LV,REP,42.0,45.0,2022,2
Morning Consult,,B,Online,02/08/2022,02/10/2022,RV,,42.0,43.0,2022,2
Morning Consult,,B,Online,02/07/2022,02/09/2022,RV,,42.0,43.0,2022,2
Susquehanna Polling & Research,The Federalist,B+,Live Phone,02/03/2022,02/09/2022,LV,,41.0,47.0,2022,2
Morning Consult,,B,Online,02/06/2022,02/08/2022,RV,,43.0,43.0,2022,2
YouGov,Economist,B+,Online,02/05/2022,02/08/2022,RV,,42.6,39.3,2022,2
Public Opinion Strategies,Citizens for Responsible Energy Solutions,A-,Online,02/04/2022,02/08/2022,RV,REP,43.0,41.0,2022,2
Morning Consult,,B,Online,02/05/2022,02/07/2022,RV,,43.0,43.0,2022,2
Ipsos,Reuters,B-,Online,01/31/2022,02/07/2022,A,,42.0,34.0,2022,2
Morning Consult,Politico,B,Online,02/05/2022,02/06/2022,RV,,42.0,43.0,2022,2
Morning Consult,,B,Online,02/04/2022,02/06/2022,RV,,43.0,42.0,2022,2
Trafalgar Group,Convention of States Action,A-,IVR/Online/Text/Live Phone,02/02/2022,02/06/2022,LV,REP,41.9,54.4,2022,2
SSRS,CNN,C,Live Phone/Online,01/10/2022,02/06/2022,RV,,43.0,44.0,2022,2
Morning Consult,,B,Online,02/03/2022,02/05/2022,RV,,43.0,42.0,2022,2
Morning Consult,,B,Online,02/02/2022,02/04/2022,RV,,43.0,42.0,2022,2
Morning Consult,,B,Online,02/01/2022,02/03/2022,RV,,43.0,43.0,2022,2
Morning Consult,,B,Online,01/31/2022,02/02/2022,RV,,43.0,42.0,2022,2
Morning Consult,,B,Online,01/30/2022,02/01/2022,RV,,43.0,42.0,2022,2
YouGov,Economist,B+,Online,01/29/2022,02/01/2022,RV,,44.0,38.0,2022,2
Morning Consult,,B,Online,01/29/2022,01/31/2022,RV,,44.0,42.0,2022,1
Morning Consult,Politico,B,Online,01/28/2022,01/30/2022,RV,,44.0,41.0,2022,1
Morning Consult,,B,Online,01/28/2022,01/30/2022,RV,,44.0,42.0,2022,1
Morning Consult,,B,Online,01/27/2022,01/29/2022,RV,,43.0,42.0,2022,1
Big Village,,B,Online,01/26/2022,01/28/2022,A,,38.1,37.4,2022,1
Big Village,,B,Online,01/26/2022,01/28/2022,RV,,44.1,43.8,2022,1
Morning Consult,,B,Online,01/26/2022,01/28/2022,RV,,43.0,43.0,2022,1
OnMessage,Senate Opportunity Fund,B/C,Online,01/25/2022,01/27/2022,LV,REP,43.0,47.0,2022,1
Cygnal,,B+,Online,01/25/2022,01/27/2022,LV,,44.8,47.1,2022,1
Morning Consult,,B,Online,01/25/2022,01/27/2022,RV,,42.0,43.0,2022,1
Morning Consult,,B,Online,01/24/2022,01/26/2022,RV,,43.0,43.0,2022,1
Morning Consult,,B,Online,01/23/2022,01/25/2022,RV,,43.0,43.0,2022,1
YouGov,Economist,B+,Online,01/22/2022,01/25/2022,RV,,42.0,38.5,2022,1
Morning Consult,,B,Online,01/22/2022,01/24/2022,RV,,43.0,43.0,2022,1
Zogby Analytics,,B-,Online,01/21/2022,01/24/2022,LV,,43.7,41.9,2022,1
Monmouth University,,A,Live Phone,01/20/2022,01/24/2022,A,,43.0,50.0,2022,1
Monmouth University,,A,Live Phone,01/20/2022,01/24/2022,RV,,43.0,51.0,2022,1
Morning Consult,Politico,B,Online,01/22/2022,01/23/2022,RV,,42.0,42.0,2022,1
InsiderAdvantage,Center for American Greatness,B,IVR/Live Phone,01/21/2022,01/23/2022,LV,,42.0,49.0,2022,1
Echelon Insights,,B/C,Online,01/21/2022,01/23/2022,RV,,46.0,41.0,2022,1
Morning Consult,,B,Online,01/21/2022,01/23/2022,RV,,43.0,43.0,2022,1
Morning Consult,,B,Online,01/20/2022,01/22/2022,RV,,43.0,43.0,2022,1
Morning Consult,,B,Online,01/19/2022,01/21/2022,RV,,43.0,43.0,2022,1
Harris Poll,Harvard CAPS,B+,Online,01/19/2022,01/20/2022,RV,,47.0,53.0,2022,1
Morning Consult,,B,Online,01/18/2022,01/20/2022,RV,,42.0,44.0,2022,1
Morning Consult,,B,Online,01/17/2022,01/19/2022,RV,,42.0,44.0,2022,1
Beacon Research/Shaw & Company Research,FOX News,A,Live Phone,01/16/2022,01/19/2022,RV,,43.0,44.0,2022,1
Morning Consult,,B,Online,01/16/2022,01/18/2022,RV,,41.0,44.0,2022,1
YouGov,Economist,B+,Online,01/15/2022,01/18/2022,RV,,42.9,38.6,2022,1
Hart Research Associates/Public Opinion Strategies,NBC News,B+,Live Phone,01/14/2022,01/18/2022,RV,,47.0,46.0,2022,1
McLaughlin & Associates,,C/D,Online,01/13/2022,01/18/2022,LV,,43.0,48.0,2022,1
Morning Consult,,B,Online,01/15/2022,01/17/2022,RV,,41.0,44.0,2022,1
Echelon Insights,NetChoice,B/C,Online,01/14/2022,01/17/2022,RV,,43.0,44.0,2022,1
Morning Consult,Politico,B,Online,01/15/2022,01/16/2022,RV,,41.0,42.0,2022,1
Morning Consult,,B,Online,01/14/2022,01/16/2022,RV,,42.0,44.0,2022,1
Morning Consult,,B,Online,01/13/2022,01/15/2022,RV,,43.0,44.0,2022,1
Trafalgar Group,,A-,IVR/Online/Text/Live Phone,01/12/2022,01/15/2022,LV,REP,42.4,55.6,2022,1
Big Village,,B,Online,01/12/2022,01/14/2022,A,,39.8,34.7,2022,1
Big Village,,B,Online,01/12/2022,01/14/2022,RV,,42.5,41.6,2022,1
Morning Consult,,B,Online,01/12/2022,01/14/2022,RV,,43.0,43.0,2022,1
Morning Consult,,B,Online,01/11/2022,01/13/2022,RV,,44.0,42.0,2022,1
Rasmussen Reports/Pulse Opinion Research,,B,IVR/Online,01/09/2022,01/13/2022,LV,,39.0,48.0,2022,1
Morning Consult,,B,Online,01/10/2022,01/12/2022,RV,,44.0,42.0,2022,1
Morning Consult,,B,Online,01/09/2022,01/11/2022,RV,,44.0,42.0,2022,1
YouGov,Economist,B+,Online,01/08/2022,01/11/2022,RV,,42.4,37.2,2022,1
NewsNation,,Unrated,Online,01/10/2022,01/10/2022,RV,,39.7,45.2,2022,1
Morning Consult,,B,Online,01/08/2022,01/10/2022,RV,,44.0,42.0,2022,1
Quinnipiac University,,A-,Live Phone,01/07/2022,01/10/2022,A,,42.0,43.0,2022,1
Quinnipiac University,,A-,Live Phone,01/07/2022,01/10/2022,RV,,43.0,44.0,2022,1
Morning Consult,Politico,B,Online,01/08/2022,01/09/2022,RV,,44.0,41.0,2022,1
Morning Consult,,B,Online,01/07/2022,01/09/2022,RV,,44.0,42.0,2022,1
Morning Consult,,B,Online,01/06/2022,01/08/2022,RV,,44.0,42.0,2022,1
Morning Consult,,B,Online,01/05/2022,01/07/2022,RV,,44.0,42.0,2022,1
Morning Consult,,B,Online,01/04/2022,01/06/2022,RV,,44.0,42.0,2022,1
Morning Consult,,B,Online,01/03/2022,01/05/2022,RV,,43.0,42.0,2022,1
RMG Research,,B-,IVR/Online/Text,01/03/2022,01/04/2022,RV,,40.0,42.0,2022,1
YouGov,Economist,B+,Online,01/02/2022,01/04/2022,RV,,42.3,37.8,2022,1
The Winston Group,Winning the Issues,A/B,Online,01/02/2022,01/04/2022,RV,REP,44.0,46.0,2022,1
Morning Consult,,B,Online,01/02/2022,01/04/2022,RV,,43.0,42.0,2022,1
Morning Consult,,B,Online,01/01/2022,01/03/2022,RV,,43.0,42.0,2022,1
